{
	"id": "f3010f11-e8db-4370-9938-d0fa79ac9a61",
	"name": "BestBuyAPI",
	"values": [
		{
			"key": "total_no_products",
			"value": 52018,
			"enabled": true
		},
		{
			"key": "expected_first_product_id",
			"value": 346575,
			"enabled": true
		},
		{
			"key": "product_data",
			"value": "{\"name\":\"OBE product 5 Updated\",\"type\":\"OBE type Updated\",\"price\":10,\"shipping\":0,\"upc\":\"1234567890123456\",\"description\":\"OBE product description Updated\",\"manufacturer\":\"OBE manufacturer Updated\",\"model\":\"OBE model Updated\",\"url\":\"OBE//URLUpdated\"}",
			"enabled": true
		},
		{
			"key": "product_id",
			"value": 9999781,
			"enabled": true
		},
		{
			"key": "total_no_stores",
			"value": 1570,
			"enabled": true
		},
		{
			"key": "expected_first_store_id",
			"value": 15,
			"enabled": true
		},
		{
			"key": "store_id",
			"value": 8934,
			"enabled": true
		},
		{
			"key": "total_no_items",
			"value": 4311,
			"enabled": true
		},
		{
			"key": "service_id",
			"value": 29,
			"enabled": true
		},
		{
			"key": "category_id",
			"value": "55181",
			"enabled": true
		},
		{
			"key": "random_id",
			"value": "55181",
			"enabled": true
		},
		{
			"key": "expected_first_id",
			"value": 15,
			"enabled": true
		}
	],
	"_postman_variable_scope": "environment",
	"_postman_exported_at": "2019-02-21T09:30:36.720Z",
	"_postman_exported_using": "Postman/6.6.1"
}